{"cameraMode":{"drawMode":0,"name":"Shaded","section":"Shading Mode"},"sceneLighting":false,"audioPlay":false,"sceneViewState":{"m_AlwaysRefresh":false,"showFog":true,"showSkybox":false,"showFlares":true,"showImageEffects":true,"showParticleSystems":true,"showVisualEffectGraphs":true,"m_FxEnabled":true},"in2DMode":false,"pivot":{"x":246.68145751953126,"y":258.7076416015625,"z":-497.32281494140627},"rotation":{"x":-0.032036520540714267,"y":0.9265283346176148,"z":-0.08110065013170243,"w":-0.3659897446632385},"size":1.2247449159622193,"orthographic":false}